,file,artist,title
0,TRAAAAW128F429D538.h5,Casual,I Didn't Mean To
1,TRAAAEF128F4273421.h5,Adam Ant,Something Girls
2,TRAAAFD128F92F423A.h5,Gob,Face the Ashes
3,TRAABJV128F1460C49.h5,Lionel Richie,Tonight Will Be Alright
4,TRAABLR128F423B7E3.h5,Blue Rodeo,Floating
5,TRAABVM128F92CA9DC.h5,Tesla,Caught In A Dream
6,TRAACER128F4290F96.h5,The Dillinger Escape Plan,Setting Fire to Sleeping Giants
7,TRAACFV128F935E50B.h5,SUE THOMPSON,James (Hold The Ladder Steady)
8,TRAACHN128F1489601.h5,Five Bolt Main,Made Like This (Live)
9,TRAACNS128F14A2DF5.h5,Willie Bobo,Spanish Grease
10,TRAACQT128F9331780.h5,John Wesley,The Emperor Falls
11,TRAACTB12903CAAF15.h5,Billie Jo Spears,It Makes No Difference Now
12,TRAADLN128F14832E9.h5,The Rolling Stones,Angie (1993 Digital Remaster)
13,TRAADNA128F9331246.h5,Stevie Ray Vaughan,Crossfire
14,TRAADQX128F422B4CF.h5,Casiotone For The Painfully Alone,Nashville Parthenon
15,TRAADYB128F92D7E73.h5,Eliane Elias,The More I See You
16,TRAADYI128E078FB38.h5,Lost Boyz,Certain Things We Do
17,TRAAEAM128F934B199.h5,The Germs,Forming
18,TRAAEEH128E0795DFE.h5,Chris Rea,Driving Home For Christmas
19,TRAAEUB12903CDD3EA.h5,The Berzerker,Deform (live)
20,TRAAEWG128F930B3A4.h5,Kings Of Leon,Wicker Chair
21,TRAAFJW128F428A424.h5,NOFX,Stickin In My Eye
22,TRAAFYL128E07856A7.h5,Van Halen,Panama (Remastered Album Version)
23,TRAAGCZ128F93210FD.h5,Black Eyed Peas,Let's Get It Started
24,TRAAGEC128E079252C.h5,Nine Inch Nails,Metal
25,TRAAGGE128F9325E2C.h5,Nick Cave & The Bad Seeds,She Fell Away (2009 Digital Remaster)
26,TRAAGJV128F1464090.h5,Lesley Gore,It's My Party
27,TRAAGPF12903CE027E.h5,Slim Whitman,Indian Love Call
28,TRAAGPH128F4273C8D.h5,Savage Garden,You Can Still Be Free
29,TRAAGPJ128F428CD1B.h5,Queens Of The Stone Age,I Never Came
30,TRAAGVF128E0789785.h5,Inspiral Carpets,Commercial Reign
31,TRAAHEG128E07861C3.h5,Redman,WKYA (drop)
32,TRAAHZP12903CA25F4.h5,Organized Konfusion,Hate
33,TRAAIAE128F42AC53D.h5,Martina McBride,I Can't Stop Loving You
34,TRAAIAX128F930531B.h5,Nazz,How Can You Call That Beautiful (Stewkey Vocal)
35,TRAAIDY128F92CA454.h5,Hot Tuna,Candy Man
36,TRAAIHL128F92E6DDA.h5,Boyz II Men,On Bended Knee
37,TRAAIII128F427D5D8.h5,Donny Hathaway,Little Girl (LP Version)
38,TRAAIYR12903CD290D.h5,Wolfmother,White Feather
39,TRAAJEK128F422F55A.h5,Jupiter Rising,They Say (Album)
40,TRAAJJA12903CC518A.h5,Saafir,Crawl Before You Ball (Album Version)
41,TRAAJJG128F4284B27.h5,The Verve Pipe,Medicate Myself
42,TRAAJYX128F4255568.h5,Maxi Priest,Groovin' In The Midnight
43,TRAAKAS128F4246013.h5,Porcupine Tree,Waiting
44,TRAAKDF128F92FA302.h5,Foo Fighters,Hell
45,TRAAKNS12903CC5198.h5,Robben Ford,I Got Over It (Album Version)
46,TRAAKVZ12903D074BB.h5,Britt Nicole,Hanging On (Medium Key Performance Track Without Background Vocals)
47,TRAALZC128F92E11A6.h5,Dolly Parton,Letter To Heaven
48,TRAAMES128F42AF068.h5,Pearl Jam,Inside Job
49,TRAAMFG128F92FDEA2.h5,Natalie Cole,Take A Look  (LP Version)
50,TRAAMJY128F92F5919.h5,DJ Quik,Born and Raised In Compton
51,TRAAMKI128F428537A.h5,Hank Locklin,We're Gonna Go Fishin'
52,TRAANBH128F9345A6C.h5,Diesel Boy,Cooler Than You
53,TRAANLO128F422AE37.h5,Cradle Of Filth,Summer Dying Fast
54,TRAAOIN128F9303790.h5,Test Icicles,Snowball
55,TRAAOJI128F1458DCD.h5,Heaven 17,(We Don't Need This) Fascist Groove Thang
56,TRAAPFQ128F42684DB.h5,Dimmu Borgir,Master Of Disharmony
57,TRAAPSQ12903CAE86A.h5,Sex Pistols,God Save the Queen (Live)
58,TRAAPVV128F425D64C.h5,Chris Brown,Forever
59,TRAAQBF12903CF796B.h5,Hem,Have Yourself A Merry Little Christmas
60,TRAAQCK128F92E8C33.h5,Lily Allen,U Killed It
61,TRAARHS128F931689D.h5,The Killers,Spaceman
62,TRAASFP128F42980BD.h5,Orbital,Illuminate
63,TRAASKQ128F4265E04.h5,Rage Against The Machine,Kick Out The Jams
64,TRAASQC128F93480F0.h5,Rise Against,Amber Changing
65,TRAASUZ128F9314950.h5,Korn,Hey Daddy
66,TRAASZE128F93499AE.h5,Agnes,I Need You Now
67,TRAATGM12903C9CD7C.h5,Tantric,Walk Away
68,TRAATIU128F4291A84.h5,Mastodon,Shadows That Move
69,TRAATNJ128F42631BA.h5,Korn,Ever Be
70,TRAATPA128F146753C.h5,Extreme,Teacher's Pet
71,TRAATWQ12903CC5BA8.h5,Prozak,Go To Hell
72,TRAAUEO128E0780CB9.h5,Placebo,English Summer Rain
73,TRAAUMJ128F933BDB6.h5,LORE,Haunting
74,TRAAUMN128F4273561.h5,Soul Asylum,Lies Of Hate
75,TRAAVIT128F92E657C.h5,Nightwish,Escapist
76,TRAAVOU128F422F292.h5,Silverstein,Always And Never (Album Version)
77,TRAAWDK128F92E2A17.h5,The Notorious B.I.G.,Who Shot Ya (Amended Album Version)
78,TRAAWOR128F92DF3C8.h5,Sandi Thom,Wounded Hearts
79,TRAAXUY128F426BA55.h5,Gene Clark,Set You Free This Time
80,TRAAYGH128F92ECD16.h5,The Shirelles,Will You Love Me Tomorrow
81,TRAAYPN128F9340DDF.h5,Panic At The Disco,Northern Downpour (Album Version)
82,TRAAYRA128F92E9CC7.h5,Jan Howard,Bad Seed
83,TRAAZBD128F427A97D.h5,Sticky Fingaz,Oh My God
84,TRAAZGC12903CB5DFB.h5,The Jeff Healey Band,Hoochie Coochie Man
85,TRAAZIE128F427961E.h5,Danny Wilson,The Second Summer Of Love
86,TRAAZQW128F93430DC.h5,Shawn Colvin,Another Long One
87,TRABAFJ128F42AF24E.h5,Backstreet Boys,Larger Than Life
88,TRABAZH128F930419A.h5,Glad,Blessed Assurance
89,TRABBOP128F931B50D.h5,Tom Petty,A Higher Place (Album Version)
90,TRABBXU128F92FEF48.h5,Mitch Ryder,Jenny Take a Ride
91,TRABCKL128F423A778.h5,Lupe Fiasco,Streets On Fire (Explicit Album Version)
92,TRABCUQ128E0783E2B.h5,Gwen Stefani,Harajuku Girls
93,TRABDSK128F42443F1.h5,Story Of The Year,Swallow The Knife (Live) (Segue)
94,TRABDTV128E0791839.h5,Natural Elements,Mayday
95,TRABDZC128F42AC23F.h5,Neil Sedaka,Because Of You
96,TRABEBP12903C9BA03.h5,A Static Lullaby,Rattlesnake!
97,TRABEKF128F42765FF.h5,Nights Like These,Ghost Town Rituals (Album Version)
98,TRABEMC128F148EF2D.h5,Oasis,Morning Glory
99,TRABFGJ12903CF6A75.h5,Eddy Arnold,Just A Little Lovin' (Will Go A Long Way)
100,TRABFKN12903CAF61B.h5,All Time Low,Shameless
101,TRABFZX128F4241355.h5,Daath,From The Blind (LP Version)
102,TRABGHG128F934B27E.h5,UFO,Chains Chains (Live In Hammersmith)
103,TRABHCE128F426361B.h5,VHS Or Beta,The Melting Moon (Edit)
104,TRABHVL128F92EFB0E.h5,Bullet For My Valentine,Suffocating Under Words Of Sorrow (What Can I Do)
105,TRABIJJ128F426A1C1.h5,Beatnuts,Monster For Music
106,TRABIQP128F427D0DD.h5,Rise Against,Everchanging
107,TRABIZY128F933C696.h5,Pursuit Of Happiness,Forbidden Fruit
108,TRABJIX128C7196953.h5,Amy Winehouse,Stronger Than Me
109,TRABJVT128F14AE4B4.h5,Michael Card,Joy In The Journey (The Final Word Album Version)
110,TRABKBS128F42823EC.h5,A Static Lullaby,God Bless You (Goddamn it)
111,TRABKJU128F422A7FE.h5,Scar Symmetry,The Illusionist
112,TRABLGI128F42B867A.h5,Eighteen Visions,Our Darkest Days
113,TRABLLK128F428FFAF.h5,George Harrison,Hear Me Lord (2001 Digital Remaster)
114,TRABLMN128E0792687.h5,Weezer,Don't Let Go
115,TRABLQE128F92E5E75.h5,Jackson United,Undertow
116,TRABLTP128F930DC6D.h5,Creedence Clearwater Revived,Have You Ever Seen The Rain
117,TRABMZZ128F4249C60.h5,Hatebreed,As Diehard As They Come (Album Version)
118,TRABNDD128F933D3C7.h5,Sister Hazel,Walls And Cannonballs (Album)
119,TRABNEX128F92C9DEA.h5,Kings Of Leon,Knocked Up
120,TRABNIQ128F4261298.h5,Brooke Valentine,Taste Of Dis (Explicit Version)
121,TRABOOL128F426E836.h5,Mary Black,Turning Away
122,TRABOXX128F92F29EB.h5,Owl City,Panda Bear
123,TRABPCM128F1473A75.h5,The Rascals,Nubia (LP Version)
124,TRABQZK128F92F54F4.h5,Shakira,Pienso En Ti
125,TRABRMJ128E0780E42.h5,Blink-182,A New Hope
126,TRABSAR128F42324A8.h5,Abysmal Dawn,Compulsory Resurrection
127,TRABSEN128F424AA36.h5,Chaotica,Lobotomy
128,TRABSUT128F429C161.h5,Neil Innes,Lie Down And Be Counted (2007 Digital Remaster)
129,TRABSXW128F4233422.h5,Siouxsie,Into A Swan
130,TRABTXS128F92E2FDC.h5,Zeromancer,Ammonite
131,TRABUAQ128F4258028.h5,Two Man Advantage,The Sweep
132,TRABUCZ128F424163A.h5,Green Day,Wake Me Up When September Ends (Live at Foxboro_ MA 9/3/05)
133,TRABUDK128F14943F3.h5,Donny Hathaway,This Christmas (LP Version)
134,TRABUJF128F933ABF7.h5,Architecture In Helsinki,Heart it Races (Frank Tetaz Remix)
135,TRABUMO12903CBE25F.h5,Alice In Chains,Lesson Learned
136,TRABUSZ128F4257BAB.h5,Ini Kamoze,Here Comes The Hotstepper
137,TRABUYT128F93069C8.h5,Baroness,The Sweetest Curse
138,TRABVIU128E0780DA0.h5,Placebo,Slave To The Wage
139,TRABVIZ128F42BA066.h5,Metallica,Hit The Lights
140,TRABVWG128F9359323.h5,Mötley Crüe,Get It For Free
141,TRABWPT128F42B06CC.h5,Keb' Mo',Still There For Me
142,TRABXPR128F92F27FE.h5,Cauterize,Shooting Stars
143,TRABYAR128F931B1A4.h5,Robben Ford,Something For The Pain
144,TRABYEY128F933773A.h5,Anti-Flag,This Is NOT a Crass Song
145,TRABYOS12903CC4A81.h5,Rickie Lee Jones,Skeletons (Live Acoustic Version)
146,TRABZCL128E0789AED.h5,Shelby Lynne,Old Times Sake
147,TRABZOP128F9316E24.h5,Franz Ferdinand,Eleanor Put Your Boots On
148,TRABZRZ128F42628AD.h5,James Taylor,Steamroller Blues
149,TRACABS128E0786B0B.h5,BigElf,Falling Bombs
150,TRACAKD128F92D5D38.h5,Kelly Clarkson,My Life Would Suck Without You
151,TRACAXP128F14A2127.h5,The Exies,Creeper Kamikaze
152,TRACBOR128F422CFE4.h5,Buzzcocks,Strange Thing
153,TRACBWP128C7196948.h5,3 Doors Down,It's Not Me
154,TRACBWQ128F92F2B91.h5,Ma Rainey,Ma Rainey's Black Bottom
155,TRACBWX128F92FD725.h5,Zombie Girl,I Want It
156,TRACCKS128F42B77AE.h5,Bone Thugs-N-Harmony,Murder One
157,TRACCVZ128F4291A8A.h5,Mastodon,Deep Sea Creature
158,TRACECN128F9310E97.h5,Radiohead,Subterranean Homesick Alien
159,TRACEDP128F145F7BB.h5,Dave Hollister,Tell Me Why
160,TRACFAP128E07862C1.h5,DMX,Damien
161,TRACFHZ128F4227BA4.h5,Jewel,Serve The Ego (Hani Num Dub)
162,TRACFOJ128F4253EFA.h5,Nick Cave & The Bad Seeds,Still In Love
163,TRACFOV128F9340D81.h5,Bury Your Dead,Closed Eyes
164,TRACFYQ128E0784150.h5,G-Unit,Poppin' Them Thangs
165,TRACFZI128E0795424.h5,Saosin,Bury Your Head
166,TRACHFO12903CB3009.h5,Warren Barfield,Shadow
167,TRACHHH128E0788A35.h5,Dilated Peoples,Big Business
168,TRACHKX128F934B07A.h5,Fever Ray,I'm Not Done
169,TRACJKR12903D02C75.h5,Johnny Cash,I Got Stripes (Live)
170,TRACJPW128F932CA4C.h5,Autumnblaze,Her Golden Robe In Silence Veiled
171,TRACJWY12903CB7DBF.h5,Kris Kristofferson,Same Old Song
172,TRACKAK128F1458461.h5,Gary Moore,Rockin' Every Night (Live)
173,TRACKAP128F425B741.h5,Christina Aguilera,Walk Away
174,TRACLRS12903CE9386.h5,Tammy Wynette,Stand By Your Man
175,TRACLRV128EF33FAB8.h5,Whitesnake,Young Blood (2007 Digital Remaster)
176,TRACMHD128F931FB14.h5,Ensiferum,Hero In A Dream
177,TRACMMG128F146D705.h5,Red Hot Chili Peppers,Get On Top (Album Version)
178,TRACNAS128F14567C6.h5,Tom Petty And The Heartbreakers,Mary Jane's Last Dance
179,TRACNJR128F4262E27.h5,John Hammond,Come To Find Out
180,TRACNXU12903C9CDFF.h5,Sweet,Airheads
181,TRACOHQ128F424C5EF.h5,Chimaira,The Flame
182,TRACPZH128F9311764.h5,Snow Patrol,Chocolate
183,TRACQFK128F14658B3.h5,Sex Pistols,New York (Dave Goodman Demo Version) (Explicit)
184,TRACQIS128F92CBED8.h5,Michael Jackson,HISTORY
185,TRACRTS128F9300F7E.h5,Bad Brains,Destroy Babylon
186,TRACRVJ128F14661D6.h5,Raze,Follow Your Dreams (The Plan Album Version)
187,TRACSBL128F42480E8.h5,The Presets,Yippiyo-Ay
188,TRACSIE128F427F98E.h5,Jennifer Lopez,Talk About Us
189,TRACTBH128F422F31B.h5,Silverstein,FRIENDS IN FALL RIVER  (LP Version)
190,TRACTIE128F92E473B.h5,Alice In Chains,Brother
191,TRACTLX128F42A51F6.h5,Matisyahu,Exaltation
192,TRACTQD128F14B0F9D.h5,Donny Hathaway,I Love You More Than You'll Ever Know (LP Version)
193,TRACTUH128F92C93A3.h5,Eddie Money,Two Tickets To Paradise
194,TRACTWW12903CB7550.h5,Cracker,Shake Some Action
195,TRACUCQ128F92FFBF7.h5,Sade,Smooth Operator
196,TRACUDB128F932030C.h5,Kenny Price,Biloxi
197,TRACUEE128F427EA05.h5,3 Doors Down,Sarah Yellin'
198,TRACUXJ128E0785F2B.h5,The Rapture,Killing
199,TRACVFF12903CF055A.h5,Dinosaur Jr,On The Brink
200,TRACVSS128E07846A7.h5,Snow Patrol,Half The Fun
201,TRACWCV128F429D196.h5,The Box Tops,Neon Rainbow
202,TRACWFA128F4265BDF.h5,Ultimate Fakebook,Brokÿn Nëedle
203,TRACWYD128F1465B4A.h5,Darwin Hobbs,You Are God (Broken Album Version)
204,TRACXGH128F931686C.h5,Tommy James & The Shondells,Crimson And Clover
205,TRACYCJ128F9309246.h5,Britney Spears,Don't Go Knockin' On My Door
206,TRACYDP128F932BC8E.h5,Skeletonwitch,Sacrifice for the Slaughtergod
207,TRACYMH12903CA01DF.h5,Kix,Cold Blood (LP Version)
208,TRACYPF128F9338DE0.h5,Maximilian Hecker,Full Of Voices
209,TRACYXW128F4297569.h5,Whitesnake,Fool For Your Loving
210,TRACZDR128F14599BC.h5,Semisonic,If I Run
211,TRACZJA128F429E665.h5,Novaspace,Guardian Angel
212,TRADACR12903CD10C1.h5,Colin James,Sending A Message
213,TRADAOM128F4263A78.h5,John Mayer,Something's Missing
214,TRADAXK12903CD05F2.h5,Dropline,Weight Of The World (Album Version)
215,TRADAYS12903CDBE0F.h5,Furry Lewis,Judge Boushay Blues
216,TRADAZP12903D0A480.h5,Cancer Bats,Sabotage
217,TRADBUP128EF354F6C.h5,DJ Quik,Pacific Coast Remix
218,TRADCHC128F42134B5.h5,Blackalicious,Rock the Spot
219,TRADDBK128F1483FF8.h5,R.E.M.,So. Central Rain (2006 Digital Remaster)
220,TRADDCV128F423BAB0.h5,King Diamond,The Portrait (Live) (Reissue) (Album Version)
221,TRADDRF128F145869F.h5,Simple Minds,Careful In Career
222,TRADDXS12903CEDB38.h5,Rihanna,Don't Stop The Music
223,TRADEAI12903C9B81C.h5,Dokken,Disease
224,TRADESF128F4214D8E.h5,Guns N' Roses,Mama Kin
225,TRADFAQ128F428AC13.h5,Skrape,Searching For Home
226,TRADFCO12903CA9439.h5,Céline Dion,The Reason I Go On
227,TRADFID128F4267231.h5,Silverchair,Cicada
228,TRADFII128F931FC9F.h5,Metallica,The End Of The Line
229,TRADFQK128F422B492.h5,Casiotone For The Painfully Alone,Rice Dream Girl
230,TRADFXD128F424694C.h5,Mando Diao,Misty Mountains
231,TRADFXO128F92F5B3D.h5,Donnie McClurkin,All I Ever Really Wanted
232,TRADGXJ128E078FB3A.h5,Lost Boyz,Get Your Hustle On
233,TRADHLD128F4241363.h5,Daath,Above Lucium (LP Version)
234,TRADHLI128F428FEFD.h5,Suicidal Tendencies,Human Guinea Pig
235,TRADHPE128F429FE9C.h5,Jennifer Brown,Naked
236,TRADHXU12903CB4400.h5,Pepper,Freeze
237,TRADJAO128F146D76E.h5,Red Hot Chili Peppers,Naked In The Rain (Album Version)
238,TRADJGI128F148B0F6.h5,Jonny Lang,The One I Got
239,TRADJHU128F425459F.h5,Novembre,Triesteitaliana
240,TRADJJZ128F9341B40.h5,Donna The Buffalo,Tides Of Time
241,TRADJSM128F14894AA.h5,Little Feat,Down On The Farm (2006 Remastered Edit Version)
242,TRADKAX128E0786B92.h5,Death From Above 1979,Romantic Rights
243,TRADKDX128F9320676.h5,Foo Fighters,If Ever
244,TRADKEU12903CF1540.h5,Eyehategod,Left To Starve
245,TRADKLT128F9304E1D.h5,The Antlers,Stairs To the Attic
246,TRADMFK12903CC2478.h5,Open Hand,The Ambush
247,TRADMUH128F146D3CD.h5,Kanye West,Through The Wire
248,TRADNGD128E0780F88.h5,Lloyd Banks,South Side Story
249,TRADNJI128F14555DB.h5,Sister Hazel,Space Between Us (Album Version)
250,TRADNRG128F4295A0E.h5,Kris Kristofferson,Darby's Castle
251,TRADNRU128F428AC6D.h5,Bad Religion,Doing Time (Album Version)
252,TRADNZM128F9300DF3.h5,Shawn Colvin,Sunny Came Home
253,TRADODV128F4283EB6.h5,Mobb Deep,Got It Twisted
254,TRADOWO12903CD9BA2.h5,Marty Robbins,Have Thine Own Way Lord
255,TRADOZB128F42312BB.h5,Cool For August,Don't Wanna Be Here (Album Version)
256,TRADPDI128F92EBD32.h5,Monster Magnet,CNN War Theme
257,TRADPIA128E078EE1B.h5,Nirvana,Heart-Shaped Box
258,TRADPPX128E078B0BC.h5,Randy Travis,Down At The Old Corral (Album Version)
259,TRADQAR128F92ED3DC.h5,The Black Crowes,Nonfiction
260,TRADQAW128F4274A4F.h5,G-Unit,Money Make The World Go Around
261,TRADQBK128F92E8B5F.h5,Mat Kearney,Never Be Ready
262,TRADQHV128F92CD663.h5,Julie Roberts,Unlove Me
263,TRADQJL128F92D9957.h5,The Presets,If I Know You
264,TRADRED12903CA4B7C.h5,Irma Thomas,River Is Waiting
265,TRADRJK128E078F041.h5,The Cardigans,Iron Man
266,TRADRXC128F4230BE8.h5,Connie Francis,Embraceable You (LP Version from 'When The Boys Meet The Girls')
267,TRADSQZ128F42707D7.h5,Silverchair,Suicidal Dream
268,TRADSUA128C7196C7C.h5,U2,New York
269,TRADTOV12903CA9E74.h5,Shakira,Did It Again (featuring Kid Cudi)
270,TRADTXQ128F9331913.h5,Erik Hassle,Don't Bring Flowers
271,TRADUKH128F4256D1B.h5,Soul Embraced,Someday (Immune Album Version)
272,TRADUZS12903CE95D6.h5,Nick Cave & The Bad Seeds,The Hammer Song (2010 Digital Remaster)
273,TRADVGV128F42BCACE.h5,Avril Lavigne,Innocence
274,TRADVKA128F93242C9.h5,Chimaira,Severed (demo) (Album Version)
275,TRADVNR12903CE5A54.h5,Bumblefoot,Abnormal (Acoustic)
276,TRADVSU128E0786371.h5,Hem,Redwing
277,TRADWOB12903C9D1EB.h5,Coven,Coven In Charing Cross
278,TRADXCF128EF357134.h5,Snow Patrol,Shut Your Eyes
279,TRADXMA128F4276D94.h5,Dead Prez,Be Healthy
280,TRADYFD12903CE4161.h5,Black Flag,Jealous Again
281,TRADYQK128F42A762A.h5,Muse,Stockholm Syndrome
282,TRADYYK128F145FE74.h5,The Velvet Underground,I Heard Her Call My Name
283,TRADZQV128F14A5760.h5,Little Eva,The Loco-Motion
284,TRADZWK128F9303076.h5,Simple Minds,Chelsea Girl (Live)
285,TRADZXK128F429DB92.h5,The Killers,Show You How
286,TRAEARU128E0781A02.h5,David Bowie,Space Oddity (1997 Digital Remaster)
287,TRAEASY128F148247C.h5,Charlotte Gainsbourg,Tel Que Tu Es
288,TRAEATL128F42690A7.h5,Aerosmith,Lord Of The Thighs
289,TRAEBSY128E07873C0.h5,Del Tha Funkee Homosapien,Mistadobalina
290,TRAEBXE128F933B4F5.h5,Rihanna,Good Girl Gone Bad
291,TRAECBR128F429F8C0.h5,Britney Spears,Everytime
292,TRAECVW128E078884D.h5,Rise Against,State Of The Union
293,TRAECWI128F4226133.h5,Helmet,Your Head
294,TRAEDXO128F421B908.h5,Shaman,For Tomorrow (live)
295,TRAEDYD128F425A868.h5,K-OS,Clap Ur Handz
296,TRAEEMP128F92F4B9C.h5,Delbert McClinton,Lose Your Money
297,TRAEFON128E078C6F8.h5,MC5,Miss X (LP Version)
298,TRAEFQG128F429F74E.h5,Washboard Sam,Bucket's Got A Hole In It
299,TRAEFUS12903CC2779.h5,Tammy Wynette,Welcome To My World (Live)
300,TRAEFWP128F4238373.h5,Fun Lovin' Criminals,We Have All The Time In The World (Live)
301,TRAEGBE128F4284973.h5,OutKast,Happy Valentine's Day
302,TRAEGGV128F92F29B2.h5,Warrant,Cherry Pie
303,TRAEGMO128F146D5F6.h5,Righteous Brothers,See That Girl
304,TRAEGUL128E078B0C1.h5,Randy Travis,Wind In The Wire (Album Version)
305,TRAEHBW12903CE1045.h5,Tonic,Where Do I Fit
306,TRAEHYF128F148AE0C.h5,Dave Hollister,Bad When U Broke
307,TRAEKCV128E0781A5B.h5,Thomas Dolby,One Of Our Submarines
308,TRAELXD128F14A8B21.h5,Randy Travis,On The Other Hand (Remastered Album Version)
309,TRAEMNZ128F9334662.h5,Aerosmith,Angel
310,TRAEMZO12903CC525F.h5,Michael McDonald,Love Can Break Your Heart (LP Version)
311,TRAENGX12903CBDFF6.h5,The Pineapple Thief,Snowdrops
312,TRAENGY128F4272846.h5,Buddy Jewell,Sweet Southern Comfort
313,TRAENUU128F424F50C.h5,House Of Lords,Rock Bottom
314,TRAENVO128E0781A16.h5,Fun Lovin' Criminals,Love Unlimited (Explicit)
315,TRAENYD128F424AA32.h5,Chaotica,Turbocharger
316,TRAEOBA12903CAFAB0.h5,Placebo,Hardly Wait
317,TRAEOFD128F9311409.h5,Kraftwerk,Computer Love (2009 Digital Remaster)
318,TRAEOGO128F93302B9.h5,FFH,Great Big Problem
319,TRAEOMS128F4262357.h5,NOFX,My Heart Is Yearning
320,TRAEOOH128F934ACD4.h5,GWAR,Let's Blame The Lightman
321,TRAEOUE128F93187B9.h5,Sick Puppies,Master Of The Universe
322,TRAEPAW128F4285BAB.h5,Geggy Tah,Gina
323,TRAEPGQ128F932AE6D.h5,Loretta Lynn,I Can't Feel You Anymore
324,TRAEPPP128F92F11E8.h5,Mista,I'll Sweat You (LP Version)
325,TRAEQOS128F92EFD47.h5,The Fray,Vienna
326,TRAEQQE128F42920E3.h5,Skeeter Davis,He Says The Same Things To Me
327,TRAEQZR128F92E9D73.h5,Skeeter Davis,Foggy Mountain Top
328,TRAEROB12903CE3E7D.h5,Pepper,Stormtrooper (Live)
329,TRAERPT128F931103E.h5,The Rolling Stones,Time Is On My Side
330,TRAERQB128F932563F.h5,Twila Paris,We Will Glorify (Key-B-Db-Premiere Performance Plus)
331,TRAERST128F4266F90.h5,Bob Carlisle,Man Of No Reputation
332,TRAESJK128E0792227.h5,Eminem,Ricky Ticky Toc
333,TRAESQE128F92D0349.h5,Barry Manilow,Come Monday
334,TRAESWB128F149CB2C.h5,Dexys Midnight Runners,Until I Believe In My Soul
335,TRAETTV12903CBBD09.h5,Jimi Hendrix,Voodoo Chile Blues
336,TRAETWP128F421AD6A.h5,Tommy Castro,Sho' Enough
337,TRAEUGG128E07826F2.h5,William Orbit,The Monkey King
338,TRAEUHN128F92E2C7F.h5,Point Of Grace,Amazing (LP Version)
339,TRAEUIW12903D018F0.h5,Jack Johnson,You And Your Heart
340,TRAEVHU128F92D9EA0.h5,Blue October,My Never
341,TRAEVIA12903CC3C37.h5,X,Motel Room In My Bed (LP Version)
342,TRAEVIK12903CCC7E2.h5,Jimi Hendrix,Fire
343,TRAEVRI128F93608F3.h5,Phil Collins,Welcome
344,TRAEVRU128F4263351.h5,Teena Marie,Light
345,TRAEVTK128F9337030.h5,Mindless Self Indulgence,Never Wanted to Dance (Live In London)
346,TRAEWKQ128F427C3EC.h5,Jim Bryson,Somewhere Else
347,TRAEWLF128F42B1F89.h5,Information Society,More to This
348,TRAEWVG128F428AC7F.h5,Foo Fighters,X-Static
349,TRAEWXY128E0786183.h5,U2,Vertigo
350,TRAEXEA128F933C67D.h5,Pursuit Of Happiness,Hard To Laugh
351,TRAEXHW128F92E2602.h5,Gym Class Heroes,New Friend Request (Amended Version)
352,TRAEXTM128E07811E1.h5,Frankee,Gotta Man
353,TRAEXYP128F4231193.h5,Operator,Soulcrusher (Amended Album Version)
354,TRAEYHF128F14B06D0.h5,The Stooges,T.V. Eye (Take 3)
355,TRAEZLQ128F427F954.h5,Snow Patrol,Chasing Cars
356,TRAFAAS12903CF0BE2.h5,Moonspell,Tired
357,TRAFAID128F4243DAF.h5,Heaven 17,Resurrection Man
358,TRAFAQY12903CA70F7.h5,The Suicide Machines,Your Silence
359,TRAFBML128F93163FB.h5,Vaselines,Teenage Superstars (Album)
360,TRAFDFD128F14B07AB.h5,THE COOKIES,Chains (LP Version)
361,TRAFDRG128F42797B6.h5,Alice In Chains,Sickman
362,TRAFEPC128F4237505.h5,Seal,Prayer For The Dying (Album Version)
363,TRAFIHK12903CBDFF1.h5,The Pineapple Thief,Boxing Day
364,TRAFJRD128F4288F65.h5,Ziggy Marley And The Melody Makers,What's True
365,TRAFJYB128F9311212.h5,Static-X,Love Dump (Clean Album Version)
366,TRAFMDA128F4224347.h5,Sleepy John Estes,Street Car Blues
367,TRAFRKU128F933CE16.h5,The Black Crowes,Girl From A Pawnshop
368,TRAFSGL128F42ADA3E.h5,Foo Fighters,Razor
369,TRAFTDN128F427C29D.h5,Hot Chip,Hold On
370,TRAFTRY128F9329C26.h5,Mudhoney,It Is Us
371,TRAFXEY128F148AECD.h5,Latif,Luv In the First
372,TRAFXHL128F148D175.h5,Rickie Lee Jones,Love Is Gonna Bring Us Back Alive
373,TRAGAGQ128E0781352.h5,The Stranglers,It Only Takes Two To Tango
374,TRAGAVB128F932585E.h5,Babe Ruth,Dancer (2007 Digital Remaster)
375,TRAGBOR128F92E1064.h5,Emperor,With Strength I Burn
376,TRAGCXQ128F426BDD9.h5,Uriah Heep,Wake The Sleeper
377,TRAGDCN128F92F9050.h5,Margaret Becker,Start The Fire
378,TRAGDFG128F42934A0.h5,Sugarbomb,Gone
379,TRAGDPS128F145F8EE.h5,Paloalto,Seed
380,TRAGEAS128F4258B9E.h5,Margaret Becker,Stay Close To Me
381,TRAGEVS128F145FEAD.h5,April Wine,Say Hello
382,TRAGFDW128F933A421.h5,Al Denson,Love Is Taking Hold
383,TRAGFIS128F14947B0.h5,Whitesnake,Love Ain't No Stranger (2003 Digital Remaster)
384,TRAGFQG128F42418D5.h5,Twista,The Day After (featuring Syleena Johnson) (Explicit Chopped & Screwed Version)
385,TRAGHBP128E0793AF7.h5,The Police,Wrapped Around Your Finger
386,TRAGJQL128E078E840.h5,Shania Twain,Raining On Our Love
387,TRAGKMU128F429757E.h5,The High Strung,The Luck You Got
388,TRAGKTN128F933C68B.h5,Pursuit Of Happiness,Down On Him
389,TRAGLSU128F145FFB2.h5,K-OS,Heaven Only Knows
390,TRAGLUU12903D024F2.h5,Dave Hollister,I'm Wrong
391,TRAGNUI128F1471068.h5,Whitesnake,Don't Mess With Me (2006 Digital Remaster)
392,TRAGNXF128F933A80E.h5,Mirah,Apples in the Trees (Live)
393,TRAGNYU128F42246AC.h5,Dee Clark,Just Keep It Up
394,TRAGOEA128F1456EAA.h5,Tom Cochrane,Revelations:  Visions In A Dream
395,TRAGPAF128EF34542A.h5,From Autumn To Ashes,Sensory Deprivation Adventure
396,TRAGPEA128F422B47E.h5,Casiotone For The Painfully Alone,Dying Batteries
397,TRAGQBY128F42635B7.h5,James Taylor,One More Go Round
398,TRAGQVO128F145C0AF.h5,Gang Starr,Say Your Prayers
399,TRAGTXE128F4229231.h5,Hurricane,I'm On To You
400,TRAGUNG128F92F67B3.h5,Wayne Watson,Somebody Sing
401,TRAGVKL128F427E896.h5,Pearl Jam,4/20/02
402,TRAGVMH128F14ADF05.h5,Petra,Don't Let Your Heart Be Hardened (This Means War Album Version)
403,TRAGWKV128F92C316A.h5,Avril Lavigne,How Does It Feel
404,TRAGXBL128F149EBA2.h5,Crabby Appleton,Go Back
405,TRAGYBS128F4227AD5.h5,Lil Boosie,I Remember (amended album version)
406,TRAGYLX128F427C5EC.h5,Wilshire,When
407,TRAGYXL128F92F9FCB.h5,Cowboy Mouth,Disconnected
408,TRAHBXB128F42797AE.h5,Alice In Chains,I Know Somethin (Bout You)
409,TRAHCTH128F9330B4A.h5,Amoral,The Last Round
410,TRAHCVT128F4282806.h5,L.A. Guns,Magdalaine
411,TRAHGVP128F934B26C.h5,UFO,Out In The Street (Live In Cleveland_ Ohio)
412,TRAHKMS128F934B09E.h5,Lizzy Borden,There Will Be Blood Tonight
413,TRAHLQF12903CDB530.h5,BigElf,Superstar
414,TRAHMIV128F14693DC.h5,Mike And The Mechanics,Nobody's Perfect
415,TRAHNMN128F932DA8E.h5,Atari Teenage Riot,Destroy 2000 Years Of Culture
416,TRAHOSP128F4260E9B.h5,Jeff Beck Group,Jody
417,TRAHOSZ12903CA58F1.h5,Katie Armiger,Love Without Fear
418,TRAHPUC128F92D1EC3.h5,Hot Tuna,Death Don't Have No Mercy
419,TRAHQHC128F42A77D8.h5,Bob Wills,Bubbles in My Beer
420,TRAHRIG12903CC4871.h5,Fat Joe,Prove Something (explicit album version)
421,TRAHRRS128F4282F7A.h5,Blue Rodeo,Mystic River
422,TRAHTIM128F1475DBA.h5,Ice Cube,Why We Thugs (edited version)
423,TRAHTZN128F421A41F.h5,Radney Foster,Again
424,TRAHULA128F92CC05F.h5,Simon & Garfunkel,Old Friends
425,TRAHWBP12903CAEBFC.h5,Dark Fortress,Evenfall
426,TRAHWNG128F932AFB7.h5,Ayo,Down On My Knees
427,TRAHXEG128F428F1EC.h5,Mindy McCready,Be With Me
428,TRAHXMC128F4267B70.h5,BT,Knowledge Of Self (Evol Intent Remix)
429,TRAHXWI128F428B7DA.h5,Geggy Tah,Special Someone
430,TRAHYDH128F9325200.h5,Bumblefoot,Piranha
431,TRAHYMJ128E0787801.h5,Red Hot Chili Peppers,Venice Queen (Album Version)
432,TRAHZHD128F1462C2D.h5,Peter Tosh,Soon Come (2002 Digital Remaster)
433,TRAHZIL12903CF1DC2.h5,Blind Willie Johnson,If I Had My Way I'd Tear This Building Down
434,TRAIAUB12903CDFB3D.h5,Bob Marley,Small Axe
435,TRAIBXJ128F4260700.h5,A Tribe Called Quest,Scenario
436,TRAICIO12903CBD65B.h5,Epidemic,Catalyst (LP Version)
437,TRAICJQ12903CF2681.h5,Dark Fortress,Ghastly Indoctrination
438,TRAIDGE128F4260E9F.h5,Jeff Beck Group,Ice Cream Cakes
439,TRAIELD128F92DC682.h5,Kings Of Leon,Genius
440,TRAIHFF128EF351817.h5,Michael Jackson,Just A Little Bit Of You
441,TRAIIRA128F931140A.h5,Kraftwerk,Pocket Calculator (2009 Digital Remaster)
442,TRAIJLI128F92FC94A.h5,Stevie Ray Vaughan And Double Trouble,Mary Had A Little Lamb
443,TRAIJMG12903D08168.h5,L7,This Ain't Pleasure
444,TRAIKAW128E0785000.h5,Moments In Grace,Broken Promises (album version)
445,TRAIKBB128F428AD73.h5,Connie Smith,I'll Come Running
446,TRAILFA128EF349FE5.h5,Nine Inch Nails,Survivalism
447,TRAIPAB128F42626AE.h5,Suicidal Tendencies,Two-Sided Politics
448,TRAIPST128F9302AE9.h5,Eminem,Beautiful
449,TRAISYO128E07888A6.h5,Mariah Carey,Mine Again
450,TRAISYU128F427F486.h5,Frankie J,Gone
451,TRAIVMM12903CFAD62.h5,Bob Marley,Lively Up Yourself
452,TRAIVNL128F422CFE2.h5,Buzzcocks,Get On Our Own
453,TRAIVZI128F42642DE.h5,Backstreet Boys,Shape Of My Heart
454,TRAIWZZ128F9306AFF.h5,Korn,Proud
455,TRAIXQL128F1467D66.h5,Devo,Soo Bawlz
456,TRAIYDL128E0791583.h5,Rihanna,Music Of The Sun
457,TRAIZQI128F42A51F9.h5,Matisyahu,Refuge
458,TRAIZWI128F4247EFD.h5,Ashton Shepherd,Old Memory
459,TRAJBGL128F145C7A8.h5,Tom Cochrane,Washed Away
460,TRAJCBF128F931B8BF.h5,Gov't Mule,Broke Down On The Brazos (Album)
461,TRAJCHY128EF349619.h5,Sir Douglas Quintet,She's About A Mover
462,TRAJCIR128F146ABA7.h5,Michelle Tumes,Christe Eleison (Christ Have Mercy) (Center Of My Universe Album Version)
463,TRAJDGB128F42882AC.h5,OutKast,Call Of Da Wild
464,TRAJDHN128F92C2EEF.h5,Michael Jackson,Dirty Diana
465,TRAJEZT128E0795DF3.h5,Rea_ Chris,E
466,TRAJKMI128F4281107.h5,Baby D,Let Me Be Your Fantasy
467,TRAJLOR128F428CCC9.h5,Patti Smith,Wing
468,TRAJMEL128F4262B4A.h5,The Fabulous Thunderbirds,Why Get Up
469,TRAJNYU128E07856A5.h5,Van Halen,Can't Stop Lovin' You (Remastered Album Version)
470,TRAJOPN128F423BEC3.h5,Wolfmother,Dimension
471,TRAJOWK128F4263735.h5,Suicidal Tendencies,It's Going Down
472,TRAJPPX128F4259FD4.h5,Adam Ant,Friend Or Foe
473,TRAJPUF128E0784808.h5,Rainbow,Can't Happen Here
474,TRAJRTY128F426CF1F.h5,Kathy Mattea,The Southern Soldier Boy
475,TRAJSKN128F92F9046.h5,White Heart,Edge Of The Dream (Emergency Broadcast Album Version)
476,TRAJSNU128F92F2AC0.h5,Chuck Wicks,If We Loved
477,TRAJVHI128F930EFAF.h5,Beyoncé,Ring The Alarm
478,TRAJXNB128F4261F43.h5,Steve Vai,Brother
479,TRAJZCH128F933D2B7.h5,Mighty Mighty Bosstones,Patricia
480,TRAJZIS128F4288E43.h5,Michael Jackson,We're Almost There
481,TRAJZYI128F424B412.h5,45 Grave,Party Time
482,TRAKARY128F427253E.h5,The Ataris,The Hero Dies in This One
483,TRAKBYP128F42385F0.h5,Fall Out Boy,Dance_ Dance
484,TRAKGTS128EF35CBD5.h5,White Heart,Hold On
485,TRAKHYP128E0792F07.h5,Patty Griffin,Moses
486,TRAKJOW128F1489DE4.h5,The Doors,Strange Days ( LP Version )
487,TRAKJYQ128F934B22E.h5,40 Grit,A Part Of Me
488,TRAKMGY128F4269E37.h5,Johnny Horton,Got The Bull By The Horns
489,TRAKMXB12903CC67B2.h5,Britt Nicole,Don't Worry Now (Performance Track In Key Of Db Without Background Vocals)
490,TRAKOBG128F9344340.h5,Carl Smith,Loose Talk
491,TRAKOPE128F421CE6A.h5,Patsy Cline,I Cried All The Way To The Altar
492,TRAKOXF128F1477B81.h5,Bad Company,Valerie (LP Version)
493,TRAKPHP128F42807B0.h5,Incubus,Warning
494,TRAKPSR128F146A1DC.h5,Bryan Ferry,Wildcat Days (1999 Digital Remaster)
495,TRAKQFZ128F429D3C9.h5,Santana,Let It Shine
496,TRAKTWZ128EF35E206.h5,Janet Jackson,When I Think Of You
497,TRAKUJE128F42AE89C.h5,Chris Brown,So Glad
498,TRAKWXS128F930F798.h5,Lollipop Lust Kill,No Answer (Outro)
499,TRAKXYJ128F42525ED.h5,Agnostic Front,Undertow
500,TRAKYHF128F42944ED.h5,Kenny G,Don't Make Me Wait For Love
501,TRAKYRW128F425979E.h5,Frederick Knight,I've Been Lonely (For So Long)
502,TRAKYXS128F4248FE3.h5,Phantom Planet,Leader (Album Version)
503,TRALCUP128F426247F.h5,Amil,Anyday
504,TRALENK128F92F39E9.h5,Circle Jerks,Paid Vacation
505,TRALGYO128F934D18D.h5,30 Seconds To Mars,Night of the Hunter (Static Revenger Remix)
506,TRALHIQ12903D00496.h5,Hatebreed,Boxed In (Subzero)
507,TRALJBT128F4266FD8.h5,Jennifer Lopez,Play
508,TRALKBS128F423BB4C.h5,Twista & The Speedknot Mobstaz,Warm Embrace (LP Version)
509,TRALLAR128F933C692.h5,Pursuit Of Happiness,No Safe Place
510,TRALMTD128E07862AC.h5,Redman,Jam 4 U
511,TRALOUF128F422F329.h5,Silverstein,BLEEDS NO MORE (Live Version)
512,TRALPZN128F4241A2F.h5,Twista,It Feels So Good (Album Version)
513,TRALQZK128F429802D.h5,Kings Of Leon,Day Old Blues
514,TRALSXX128F92F94B0.h5,Sex Pistols,Seventeen
515,TRALTKQ128F932DA67.h5,Atari Teenage Riot,Revolution Action
516,TRALTTR12903C9E32E.h5,Scott Weiland,The Date ( LP Version )
517,TRALTZZ12903CB7DD0.h5,Kris Kristofferson,Killer Barracuda
518,TRALUAQ128F427EB26.h5,Bravehearts,Sensations
519,TRALUNR128EF3425DE.h5,Jason Mraz,Did You Get My Message?  (Live From Shubas)
520,TRALWDN128F1456DB7.h5,Lil' Romeo,Don't Want To
521,TRALWXA128F4270DF3.h5,Seal,The Beginning (Giro E Giro Mix)
522,TRALZPL128F423BE6B.h5,Curtis Mayfield,Superfly (Single Mix Version)
523,TRALZUL128F4236D23.h5,Sugar Ray,Mean Machine (Remastered LP Version)
524,TRAMBHU128F425A620.h5,Rick Astley,You Move Me
525,TRAMCLN128F9302E27.h5,FFH,Why Do I
526,TRAMDUW12903CB5100.h5,brokeNCYDE,Schitzo
527,TRAMESI128F93509F7.h5,Britt Nicole,Set The World On Fire
528,TRAMFJR128F92C1DB1.h5,Toni Braxton,He Wasn't Man Enough
529,TRAMGDX12903CEF79F.h5,Van Halen,Panama (Album Version)
530,TRAMKKJ128F1463612.h5,Burning Spear,Tumble Down
531,TRAMLQH12903CA69B2.h5,Mungo Jerry,Alright_ Alright_ Alright
532,TRAMMDM128F425EAA9.h5,Wyclef Jean,Heaven's In New York
533,TRAMMDO128E0781A5D.h5,Thomas Dolby,Screen Kiss
534,TRAMMQW128F42621E1.h5,The Distillers,Oh Serena
535,TRAMODP128F426247B.h5,Amil,Get Down
536,TRAMSAY128F92ED0DD.h5,It Dies Today,Sixth of June
537,TRAMVBZ12903CB2635.h5,Dean Martin,Pennies From Heaven
538,TRAMWKK128F9314838.h5,Emperor,In the Wordless Chamber
539,TRAMWLL12903D119DA.h5,Uriah Heep,Ghost of the Ocean (Live)
540,TRANAPL128F147328F.h5,Sasha,Owner Of My Heart (Album Version)
541,TRANCCN128E0794B18.h5,30 Seconds To Mars,Hunter
542,TRANCOH128F422F31D.h5,Silverstein,MY CONSOLATION (LP Version)
543,TRANCOS128F4267DFB.h5,Mando Diao,All My Senses
544,TRANDEK128F4259EBC.h5,The Clash,Lose This Skin
545,TRANGYF128E0786C33.h5,Madonna,Bedtime Story (Album Version)
546,TRANHKC128F9309BF4.h5,The Rolling Stones,Fortune Teller
547,TRANIUD12903CCE692.h5,Jah Cure,To Your Arms of Love
548,TRANJGM128F427A41B.h5,Nightwish,Sleepwalker
549,TRANKIL128F1476FA2.h5,The Police,Voices Inside My Head
550,TRANLRX128F4259030.h5,Zeromancer,Mosquito Coil
551,TRANLXB128F92FE4F4.h5,Al Denson,Rain Love
552,TRANMKA128F426C3B0.h5,Leona Naess,Heavy Like Sunday
553,TRANMKF128E07995A8.h5,Phil Collins,Dance Into The Light (LP Version)
554,TRANMOT128F92EFF19.h5,Kathy Mattea,Standing Knee Deep In a River (Dying Of Thirst)
555,TRANPRQ128EF348E34.h5,Santana,Persuasion
556,TRANPWV128F9341281.h5,Behemoth,He Who Breeds Pestilence
557,TRANPXL128F42B8FED.h5,Sylver,Sympathy
558,TRANQLL128F92F5263.h5,Shakira,Poem To A Horse
559,TRANQYI12903CA2BA9.h5,Taking Dawn,Black Diamond
560,TRANRIK128F148C860.h5,Eminem,Paul
561,TRANVZT128F42AE134.h5,Dixie Chicks,Lullaby
562,TRANYYX128F4276EE3.h5,Wyclef Jean,Something About Mary
563,TRANZFP128E07995A9.h5,Phil Collins,That's What You Said  (LP Version)
564,TRAOATJ128F147FC9B.h5,Phil Collins,I Cannot Believe It's True
565,TRAOBQP12903CC4A7B.h5,Rickie Lee Jones,It Must Be Love (Live Acoustic Version)
566,TRAOCSE128F4282321.h5,No Address,Pretty Girl (Amended Version)
567,TRAOIYM12903CDEF1E.h5,Rihanna,The Hotness (ft. Shontelle)
568,TRAOJMY128E07836D9.h5,Helmet,Everybody Loves You
569,TRAOJZC128F14932D5.h5,The Cure,Lost
570,TRAOKSC128F4264989.h5,K's Choice,A Sound That Only You Can Hear
571,TRAOLIX128E0793AFA.h5,The Police,Man In A Suitcase
572,TRAOLZJ12903CB4FC7.h5,Oasis,Columbia
573,TRAOPAR128F92EFD17.h5,Don Gibson,Who Cares
574,TRAOPRI12903C9FC25.h5,Bruce Springsteen,Rosalita (Come Out Tonight)
575,TRAOURR128F931A9EA.h5,Devo,The 4th Dimension (LP Version)
576,TRAOXXM128F932FC70.h5,Alicia Keys,Heartburn
577,TRAOYFS128F423E593.h5,My Chemical Romance,Interlude (Album Version)
578,TRAOYQV12903CF8089.h5,Hot Chip,Ready For The Floor (Radio Edit)
579,TRAOZEJ128F428CCEA.h5,OutKast,Wailin'
580,TRAPBPP128F92F07BF.h5,Hank Locklin,Send Me The Pillow You Dream On
581,TRAPCVT128F428A9D0.h5,Bad Religion,The Lie
582,TRAPDCB128F42824A6.h5,Jessica Simpson,Take My Breath Away
583,TRAPESV128F92FE5E9.h5,Don Gibson,Blue Blue Day
584,TRAPFIP128F42AC31E.h5,Alicia Keys,If I Was Your Woman
585,TRAPFXX128E0785EBA.h5,Mariah Carey,Clown
586,TRAPGAG128F42ADAF7.h5,Kane,All I Can Do
587,TRAPGOC128F932F01A.h5,Aswad,Your Recipe
588,TRAPGOZ128F933A945.h5,Jonny Lang,One Person At A Time
589,TRAPHAH128F42677A4.h5,Jennifer Lopez,We Gotta Talk
590,TRAPHZY128F149579B.h5,Cowboy Mouth,Jenny Says
591,TRAPISC128F14671D3.h5,Gang Starr,Mostly Tha Voice (Explicit)
592,TRAPJPD128F14572B3.h5,Vixen,American Dream
593,TRAPLMD128F932FF43.h5,Metallica,Metal Militia
594,TRAPMCS128F92E88C5.h5,Johnny Horton,The Woman I Need (Honky Tonk Mind)
595,TRAPMRV128F92F5F4C.h5,Dixie Chicks,Hole In My Head
596,TRAPNDJ128F427AB8A.h5,Janis Joplin,Get It While You Can
597,TRAPNII12903CEA4F8.h5,Bad Company,Simple Man
598,TRAPNOO128F423660C.h5,King Diamond,Shrine (Reissue) (Album Version)
599,TRAPNQZ128F145B04E.h5,Jay & The Americans,Let's Lock The Door (And Throw Away The Key)
600,TRAPOAD128E0788A38.h5,Dilated Peoples,World On Wheels
601,TRAPPUN128F429400B.h5,Foo Fighters,Overdrive
602,TRAPTOE128F4272000.h5,Akon,Don't Matter
603,TRAPUDN128F423B45C.h5,Slipknot,Gently (Album Version)
604,TRAPVGB128F42725AF.h5,The Ataris,I Won't Spend Another Night Alone
605,TRAPXHQ128F9340E67.h5,Chris Brown,I Love U
606,TRAPZJQ128F428A022.h5,Dropkick Murphys,Going Strong (Album Version)
607,TRAPZTV128F92CAA4E.h5,Beyoncé,Single Ladies (Put A Ring On It)
608,TRAQAIW12903C9B61E.h5,Belle and Sebastian,I Could Be Dreaming
609,TRAQDUR128F931B4E9.h5,Tom Petty,Wildflowers (Album Version)
610,TRAQGMY128F425A2F5.h5,Annie Lennox,A Whiter Shade Of Pale
611,TRAQGNV128C7196894.h5,Blink-182,All Of This
612,TRAQHAK128F425EDD8.h5,Beyoncé,Ring The Alarm
613,TRAQHCG128E07951DA.h5,Mase,Wanna Hurt Mase? (Album Version)
614,TRAQHOI128F4233163.h5,Dimmu Borgir,The Chosen Legacy
615,TRAQICU128F4295BED.h5,Shakira,Donde Estas Corazon
616,TRAQNEC128F14ADF01.h5,Petra,Hollow Eyes (Beat The System Album Version)
617,TRAQOXO128F42636BD.h5,James Taylor,Down In The Hole
618,TRAQPHD128F4226E5E.h5,Soulwax,Soul Simplicity
619,TRAQPKX128F428146D.h5,Sister Hazel,Come Around (Acoustic)
620,TRAQRHA128F93001EB.h5,The Strokes,Between Love & Hate
621,TRAQRYZ128F4291DCB.h5,Britney Spears,My Prerogative
622,TRAQTBF12903CCC1B7.h5,Cockney Rejects,Oi! Oi! Oi!
623,TRAQTYT12903D134AC.h5,Billie Jo Spears,What I've Got In Mind
624,TRAQUJP128F146082C.h5,UFO,Out In The Street
625,TRAQYOC128F9341CDC.h5,Busta Rhymes,Genesis
626,TRAQYZO128F930BC98.h5,To My Surprise,Easy or Not (Album Version)
627,TRARAEG128F42647B2.h5,Bob Dylan,Trying To Get To Heaven
628,TRARAIO128E0780FDE.h5,Snow Patrol,Spitting Games
629,TRARANL128F1478789.h5,Rise Against,Drones
630,TRARBGR128F42264D1.h5,Lesley Gore,It's My Party
631,TRARDOK128F9300AB5.h5,Thrice,The Earth Isn't Humming
632,TRAREHS128F92F8E13.h5,Snow Patrol,New Sensation
633,TRARFKP12903CF5DF1.h5,Salt The Wound,From My Hands
634,TRARHCB128F148D1B0.h5,The Misfits,The Haunting
635,TRARHFF128F933D378.h5,Dickies,Just Say Yes
636,TRARHLY128F42698CA.h5,Audio Adrenaline,Some Kind Of Zombie (Criscoteque Remix)
637,TRARIIY128F147187D.h5,Kiss,Radar For Love
638,TRARIMP128F933D217.h5,Back Door Slam,Heavy On My Mind (Album Version)
639,TRARMUI128F147162F.h5,The Jam,The Modern World
640,TRARMYZ128F426150A.h5,Ann Lee,So deep
641,TRAROPS128F92F09A5.h5,Carl Belew,Am I That Easy To Forget
642,TRARPCK128F92FEA7F.h5,Grizzly Bear,Little Brother
643,TRARPGY128F425D48D.h5,George Jones,Ol' Frank
644,TRARPWX128F92CD69C.h5,Julie Roberts,The Chance
645,TRARPZT128F932AD66.h5,Natalie Cole,The Gift
646,TRARQBS128F4262E62.h5,Teena Marie,Playboy
647,TRARRYC128F428CCDA.h5,Amorphis,Misery Path (From the Privilege of Evil)
648,TRARSKA128F9336A04.h5,Britney Spears,3
649,TRARVEY128F9300AC3.h5,Thrice,Red Sky
650,TRASBZK128F42692CA.h5,Amorphis,Crimson Wave
651,TRASCAU128E078FB37.h5,Lost Boyz,What's Wrong
652,TRASDGG128F933EDE2.h5,Anti-Flag,On Independence Day
653,TRASFNS128F145247D.h5,Death From Above 1979,Romantic Rights (Jesper Dahlback Remix)
654,TRASGKM128F42644C5.h5,Helmet,Street Crab
655,TRASHYD128F93119EE.h5,3OH!3,CHOKECHAIN (Amended Album Version)
656,TRASKII128F92FA33E.h5,The Ataris,Whatever Lies Will Help You Rest
657,TRASKUE128F1478ECF.h5,Michael Card,Joy In The Journey (The Final Word Album Version)
658,TRASNRV128F931AE2E.h5,Nine Inch Nails,Sin
659,TRASPAS128E078DFB3.h5,Bob Marley & The Wailers,Smile Jamaica
660,TRASPCN128F92DE67E.h5,Taking Back Sunday,Catholic Knees (Album Version)
661,TRASQBA128F427B273.h5,Belphegor,The Sukkubus Lustrate
662,TRASRBB128F42AFD5C.h5,Brian Littrell,Wish
663,TRASRXK128F9311176.h5,Arctic Monkeys,Fake Tales Of San Francisco
664,TRASTOM12903CBE8A6.h5,Seven Mary Three,Hammer & a Stone
665,TRASUDV128F42B86FB.h5,Sunscreem,Perfect Motion
666,TRASUJK128E0789C12.h5,Coldplay,Speed Of Sound (Live)
667,TRASVKL128F931652A.h5,Bloc Party,One More Chance
668,TRASVNS128E07855BF.h5,George Huff,Have Yourself A Merry Little Christmas (LP Version)
669,TRASWIV128E0788A84.h5,The Smashing Pumpkins,Real Love
670,TRASWPD128F42B4F7B.h5,Rihanna,We Ride
671,TRASWQE128F146C987.h5,Oceansize,New Pin (edit)
672,TRASXYB128F428DFF3.h5,Blackalicious,World Of Vibrations (Album Version)
673,TRATAIB128F92E81CB.h5,Dishwalla,Moisture
674,TRATBGP128F1482545.h5,Happy Mondays,Olive Oil
675,TRATCDG128F932B4D2.h5,Aiden,Black Market Hell
676,TRATHFM128F148ADD4.h5,Eastmountainsouth,Hard Times
677,TRATIGJ128F423B3A0.h5,David Phelps,One King (Album Version)
678,TRATJXC128F93124CE.h5,Darden Smith,Perfect Moment
679,TRATPKE128F1467FE7.h5,VHS Or Beta,You Got Me (The Juan Maclean Dub)
680,TRATRMT128F4249901.h5,Righteous Brothers,Little Latin Lupe Lu
681,TRATRMZ128F42A9AAC.h5,Kane,Rain Down On Me
682,TRATTGW128F427A82D.h5,Foals,Red Socks Pugie
683,TRATTNI128E0799697.h5,Faith Hill,I Want You (Album Version)
684,TRATVRH12903C9EE09.h5,Liquid Gang,I Applaud You  (LP Version)
685,TRATWUD128F9309671.h5,Carolyn Arends,Happy
686,TRATZQS128F1467D4B.h5,Devo,Going Under
687,TRAUCZX128F149D9AE.h5,Tracy Byrd,Walking To Jerusalem
688,TRAUEWN128F932C32C.h5,Casiotone For The Painfully Alone,White Jetta
689,TRAUGLZ128F14AE500.h5,Michael Card,Arise_ My Love (Song Of Solomon)
690,TRAUGTI128F4273726.h5,Rachael Starr,Till There Was You (John Creamer & Stephane K Remix)
691,TRAUGYG128F428A174.h5,Rancid,Meteor Of War (Album Version)
692,TRAUIOQ128F92EDC51.h5,Circle Jerks,Question Authority
693,TRAUJOU128F9325DE7.h5,Nick Cave & The Bad Seeds,Wings Off Flies (2009 Digital Remaster)
694,TRAUJVS128F93324DA.h5,The Gathering,Gaya's Dream
695,TRAUNPM12903CB7CCC.h5,Jefferson Starship,Fading Lady Light
696,TRAUOEY128F421CBD3.h5,Amy Winehouse,Valerie
697,TRAUOUZ128E078F8BB.h5,Eazy-E,I'mma Break It Down
698,TRAUPWA128F147F2CF.h5,Heaven 17,Come Live With Me (12'' Extended Version) (2006 Digital Remaster)
699,TRAUREN128F931F5AB.h5,Faron Young,It's Four In The Morning
700,TRAURRP128F4261B94.h5,Dixie Chicks,Give It Up Or Let Me Go
701,TRAUTXO128F4263C8E.h5,Loretta Lynn,I'd Rather Have Jesus
702,TRAUVAQ128F92DC677.h5,Fake Problems,Tabernacle Song
703,TRAUVVR128F425A925.h5,Eurythmics,A Little Of You
704,TRAUWFN128F1462E09.h5,Yellowcard,One Year_ Six Months
705,TRAUWQL128F424696E.h5,Elvenking,Trows Kind
706,TRAUZFY128F42BCE57.h5,Jason Michael Carroll,No Good In Goodbye
707,TRAUZTR128F9351D2A.h5,Michael Jackson,I Wanna Be Where You Are
708,TRAVANT128F92E3F71.h5,Mariah Carey,Someday
709,TRAVBAH128F9305DFC.h5,Helmet,Give It
710,TRAVBCR128F933AE8E.h5,Dax Riggs,Radiation Blues
711,TRAVDDJ128F92EF09C.h5,Creedence Clearwater Revisited,Proud mary
712,TRAVDQQ128F421B864.h5,Elvenking,A Fiery Stride (Ltd. Edition Bonus)
713,TRAVGKM128F92C58B4.h5,Fernando Ortega,Don't Let Me Come Home A Stranger (LP Version)
714,TRAVGNH128F428CBA9.h5,Amorphis,Into Hiding
715,TRAVGZS128F9338603.h5,Tammy Wynette,I Stayed Long Enough
716,TRAVJHK128E078370B.h5,LL Cool J,Headsprung
717,TRAVKGE128F92E5944.h5,Kris Kristofferson,Snakebit
718,TRAVLWL128F424EF6A.h5,The All American Rejects,The Future Has Arrived
719,TRAVMFC128F428CDE0.h5,Camp Lo,Sparkle
720,TRAVOPU128F9360B7D.h5,Daniel Johnston,High Horse
721,TRAVQUU128F92FA4E0.h5,Marc Broussard,Going Home (Album Version)
722,TRAVRPL128F145E874.h5,Lifer,Breathless
723,TRAVRTO128F4280C14.h5,Future Leaders of the World,Spotlight
724,TRAVSQE12903CB6879.h5,Zeromancer,The Death Of Romance
725,TRAVSVL128F14B12BE.h5,Deftones,Lotion (LP Version)
726,TRAVSZP128F92C53A0.h5,Jesse Malin,Going Out West
727,TRAVWIP128E078FA3D.h5,Naughty By Nature,Family Tree
728,TRAVXBL128F42BB389.h5,Michael Jackson,Girl You're So Together
729,TRAVXII128F92FCC6D.h5,Stephen Marley,Mind Control
730,TRAVYXL128EF34722F.h5,Novembre,Reason
731,TRAVZWX128F92EC110.h5,Berlin,Blink Of An Eye (Alternative)
732,TRAWAHY128F14AA11E.h5,Leon Russell,Out In The Woods
733,TRAWBOE128F92F2F46.h5,Pearl Jam,You Are
734,TRAWCGS128F934BE2F.h5,Shai Hulud,We Who Finish Last
735,TRAWEDC128F14A2EBA.h5,Y&T,Contagious
736,TRAWEST128F4242614.h5,Story Of The Year,Meathead (Album Version) (Non-PA)
737,TRAWFYX12903CA4766.h5,Atomship,Whitfield
738,TRAWGYZ128F92C494B.h5,Patti Smith Group,Wave
739,TRAWHYL128F42934D4.h5,ATB,Believe In Me (Clubb Mix)
740,TRAWIJG128F42B502C.h5,Shania Twain,Two Hearts One Love
741,TRAWIQY12903CCC64A.h5,Evanescence,Missing (Live in Europe)
742,TRAWJBE12903C9EB05.h5,Faith Hill,Unsaveable (Album Version)
743,TRAWJPF128F42626DB.h5,Suicidal Tendencies,Monopoly On Sorrow
744,TRAWNOJ128F4241807.h5,Dark new Day,Free (Album Version)
745,TRAWODX128F42AC413.h5,Peter Gallagher,Everytime It Rains
746,TRAWOHD128F148D176.h5,Rickie Lee Jones,Away From The Sky
747,TRAWOPJ128F14661D4.h5,Raze,Celebration (The Plan Album Version)
748,TRAWPFX128F92E58B5.h5,Bebo Norman,Sunday
749,TRAWPKO128F423841E.h5,Van Halen,Runaround (Live Version)
750,TRAWQSO128F424E2F9.h5,Faith Hill,Red Umbrella (Album Version)
751,TRAWTUV128F426DD46.h5,Happy Mondays,Grandbag's Funeral
752,TRAWUUP12903CEF2F9.h5,Letters To Cleo,Co-Pilot (Album Version)
753,TRAWVNL128F9327983.h5,Bad Company,Call On Me
754,TRAWWIK128E078D19C.h5,Marshall Crenshaw,Rave On (Live 1982)
755,TRAWWQM128F148C796.h5,Kiss,Every Time I Look At You
756,TRAWYNV128F92F5E7E.h5,Guns N' Roses,Catcher In The Rye
757,TRAXBTV12903CD8399.h5,Danielle Bollinger,When the Broken Hearted Love Again
758,TRAXDBM128E0785BD8.h5,Missy Higgins,The Special Two (Australian Version)
759,TRAXDRW128F428A030.h5,Dropkick Murphys,The Only Road (Album Version)
760,TRAXIPO128F14923B2.h5,Carpenters,An Old Fashioned Christmas
761,TRAXJBW128E0788652.h5,Sick Of It All,Consume (LP Version)
762,TRAXJHG128F427EA02.h5,3 Doors Down,Be Like That
763,TRAXLIU128E07860D4.h5,DMX,I'ma Bang
764,TRAXLPR128F428E466.h5,The White Stripes,A Martyr For My Love For You
765,TRAXLZU12903D05F94.h5,Rick Astley,Never Gonna Give You Up
766,TRAXOQD12903CDD59D.h5,The Berzerker,Pure Hatred
767,TRAXOQP128F930DD49.h5,Mungo Jerry,Pushbike Song
768,TRAXQUZ128F42B77BE.h5,Bone Thugs-N-Harmony,Servin' Tha Fiends
769,TRAXRSK128F42B44D2.h5,Bad Religion,Infected
770,TRAXVGE128E0783F1D.h5,Gwen Stefani,What You Waiting For?
771,TRAXWLM128F1453E3B.h5,Juelz Santana,There It Go (The Whistle Song)
772,TRAYANL128F9316BF9.h5,The Game,Da Shit
773,TRAYBTO128F932008B.h5,Jesse Malin,Since You're In Love
774,TRAYDXM128F9317358.h5,Franz Ferdinand,No You Girls
775,TRAYGHE12903CD213E.h5,The Prodigy,What Evil Lurks
776,TRAYICR128F4282520.h5,Kyle Riabko,Doesn't Get Much Better
777,TRAYKTU128F934C82A.h5,Y&T,Mean Streak
778,TRAYLRS128F427FE81.h5,Scar Symmetry,Abstracted
779,TRAYPMR128E0785DD1.h5,Nick Cave & The Bad Seeds,Loverman
780,TRAYQKQ128F1491182.h5,Slick Rick,Kill Niggaz
781,TRAYQLF128F933B4EF.h5,Rihanna,Breakin' Dishes
782,TRAYSMO128F9318E7C.h5,The Fray,Absolute
783,TRAYUCR128F92E574F.h5,Santana,Interplanetary Party
784,TRAYUEL128F4290B28.h5,Roger Sanchez,Lost
785,TRAYYGG128F1483C70.h5,Shawn Colvin,These Four Walls
786,TRAZACV128F426983D.h5,Simple Minds,See The Lights (2002 Digital Remaster)
787,TRAZASM128F932FBEE.h5,Franz Ferdinand,Do You Want To
788,TRAZASN128F427DB44.h5,Aswad,Ina Your Rights
789,TRAZBBP128E07845D4.h5,Kanye West,School Spirit Skit 2
790,TRAZCOT128E0792471.h5,Guns N' Roses,You're Crazy
791,TRAZDQQ128F93590E2.h5,Ned Miller,From a Jack To a King
792,TRAZDTT128F9346306.h5,The Shangri-Las,Out in the Streets
793,TRAZEBG128F1456D2E.h5,MxPx,You Found Me
794,TRAZHPR128F931C1E6.h5,Tony Joe White,If I Ever Saw A Good Thing (Album Version)
795,TRAZHUK128E0789114.h5,Akon,Lonely
796,TRAZJGD128F4289D2A.h5,Gym Class Heroes,To Bob Ross With Love (Album Version)
797,TRAZJLS128F933BC09.h5,Stellar Kart,I Give Up (Album Version)
798,TRAZJOI12903CDA550.h5,Bon Jovi,The Distance
799,TRAZJRY128F92E9CD6.h5,FFH,You And Only You
800,TRAZJUH128F934465B.h5,Hanoi Rocks,Mental Beat
801,TRAZQET128F42A0449.h5,Phantom Planet,After Hours
802,TRAZRXP12903CBD6A9.h5,Vonray,Part Of Me (LP Version)
803,TRAZSBD128F14A27AB.h5,Dionne Warwick,I've Been Loving You Too Long (LP Version)
804,TRAZTWI128F424CF73.h5,Michael Stanley Band,He Can't Love you
805,TRAZUVU128F42BABF4.h5,Jesse Malin,Broken Radio
806,TRAZVMZ128F1476A87.h5,Twila Paris,Come Emmanuel (House Of Worship Album Version)
807,TRAZVYP128F1459AD9.h5,Leona Naess,Star Signs
808,TRAZVZJ128F92EF28A.h5,Set Your Goals,summer jam
809,TRAZZIP128F429BF42.h5,Marty Robbins,A Castle In The Sky
810,TRBAAGQ128F148D17E.h5,Urge Overkill,Crackbabies
811,TRBACUF128F4247F8C.h5,Mint Condition,Call Me
812,TRBADTB128F14AE3A4.h5,Erin O'Donnell,You Were The One (Wide Wide World Album Version)
813,TRBAFJQ128F4259FB5.h5,Annie Lennox,Little Bird
814,TRBAGMH128F423A574.h5,Mudhoney,New Meaning
815,TRBAHEH128F9327D39.h5,Wyclef Jean,Guantanamera
816,TRBAJPA128F933BDBC.h5,LORE,Release
817,TRBAKJC128F93399FB.h5,Bukka White,Sleepy Man Blues
818,TRBALEH128E078B419.h5,Static-X,Night Terrors (Album Version)
819,TRBALIJ128F14884B5.h5,Iggy Pop,Main Street Eyes
820,TRBALVT128F145B6CB.h5,Billie Jo Spears,Misty Blue
821,TRBAOTY128F9327A9C.h5,Jennifer Lopez,Still
822,TRBAOXY128F933D3C8.h5,Sister Hazel,Vacation Rain (Album)
823,TRBAPZQ128F4240B93.h5,Justin Timberlake,Love Don't Love Me (Justin Timberlake) (Amended Version)
824,TRBARSX12903D03AE5.h5,Sade,Morning Bird
825,TRBAUBI128F424142E.h5,Slipknot,Skin Ticket (Live version) (Album Version)
826,TRBAWKB128F931BAEE.h5,Owl City,On The Wing
827,TRBAWQK128F42743A9.h5,Keb' Mo',The Door
828,TRBAZFD12903CB641D.h5,Brooke White,Hold Up My Heart
829,TRBAZRP128F934BC71.h5,The Ocean,Eoarchaean
830,TRBBAHD128F428E0FE.h5,Tones On Tail,Burning Skies
831,TRBBDAH128F92E625E.h5,City High,What Would You Do?
832,TRBBEGG128F9314BAA.h5,Martina McBride,Heart Trouble
833,TRBBEHB128E0784F71.h5,Reach 454,6 Yrs (Album Version )
834,TRBBHPQ128F145A7F8.h5,John Mellencamp,Down And Out In Paradise
835,TRBBIBE128F4226E29.h5,Soulwax,Kill Your Darlings
836,TRBBJBO128F92EB2C5.h5,Every Time I Die,Your Touch Versus Death
837,TRBBJVE128F9303F10.h5,The Killers,A White Demon Love Song (Soundtrack Album Version)
838,TRBBOBO128F425FDFC.h5,DeGarmo & Key,Jericho  (Straight On Album Version)
839,TRBBQFV128F4252EFF.h5,Jack Johnson,Adrift
840,TRBBQJZ128F92C5AF2.h5,Blue Rodeo,Fools Like You
841,TRBBQPP128F92EE611.h5,Bob Marley & The Wailers,Three Little Birds
842,TRBBRQE12903C9E587.h5,New York Dolls,Trash (live Paris)
843,TRBBUCK128F42AFAD6.h5,Kool Moe Dee,Death Blow
844,TRBBVNR128E078E1E4.h5,Black Eyed Peas,Tell Your Momma Come
845,TRBBVSO128F9341C12.h5,Martina McBride,Anything's Better Than Feelin' The Blues
846,TRBBXEG128F424EC2C.h5,April Wine,Babes In Arms
847,TRBBXSE128F42798F6.h5,Mariah Carey,Honey
848,TRBBYOI128F4256732.h5,Black Flag,Out Of This World
849,TRBBZQM128F931A529.h5,Neil Diamond,Song Sung Blue
850,TRBCANP128F92FA6B9.h5,Evanescence,Good Enough
851,TRBCBXZ128F14628C3.h5,Lighthouse Family,Ocean Drive
852,TRBCDCS128F422F0CF.h5,Hatebreed,Mark My Words (Album Version)
853,TRBCDHQ128F92F9AE8.h5,Small Faces,Itchycoo Park
854,TRBCFPP128E0781D6F.h5,The Rolling Stones,Stop Breaking Down (1994 Digital Remaster)
855,TRBCIDX128F422F215.h5,Taking Back Sunday,I Am Fred Astaire (Album Version)
856,TRBCJQH128F1497A7B.h5,Cindy Morgan,I Will Be Free (LP Version)
857,TRBCJSZ128E07969B5.h5,Coldplay,The World Turned Upside Down
858,TRBCMJT128F14B12CC.h5,Deftones,Korea (LP Version)
859,TRBCPTO12903CBBFD9.h5,4Him,He Never Changes
860,TRBCRCV128F933860B.h5,Tammy Wynette,It Is No Secret (What God Can Do)
861,TRBCSTN12903D13548.h5,Billie Jo Spears,'57 Chevrolet
862,TRBCSZQ128F92F9043.h5,White Heart,Speed Of Sound (Emergency Broadcast Album Version)
863,TRBCUPT128F1462B73.h5,Thrice,All That's Left
864,TRBCWYJ128F93213A1.h5,Eleanor McEvoy,Easy To Lose Hope
865,TRBDBJM128F1456D2D.h5,MxPx,Drum Machine Joy
866,TRBDBOI128E07817D7.h5,Electric Light Orchestra,Queen Of The Hours (2001 Digital Remaster)
867,TRBDENB128F42B7798.h5,Bone Thugs-N-Harmony,2 Glocks
868,TRBDHKL128F426BE45.h5,Rihanna,Good Girl Gone Bad
869,TRBDIBC12903CE95C2.h5,Nick Cave & The Bad Seeds,Christina The Astonishing (2010 Digital Remaster)
870,TRBDJNF12903CE6967.h5,Melissa Auf der Maur,The Key
871,TRBDMDS128F930B8F1.h5,System of a Down,Streamline
872,TRBDNZI128F14A9065.h5,Foghat,Zig-Zag Walk
873,TRBDRFM128F9301DAD.h5,The Winans,The Question Is (Album Version)
874,TRBDSLA128F4288246.h5,Toni Braxton,Best Friend
875,TRBDSXN128F4293DA9.h5,Republica,Pub Pusher
876,TRBDTZX128F92DFA66.h5,Jars Of Clay,Don't Stop
877,TRBDUSM128F9339A13.h5,Maximilian Hecker,Let Me Out
878,TRBDVZL128F92F579F.h5,Dickies,Pretty Please Me
879,TRBDWDQ128F1455787.h5,3 Doors Down,Here Without You
880,TRBDWLE128F42B3112.h5,Barry Manilow,This One's For You
881,TRBDXVN128F42334DD.h5,Busta Rhymes,When Disaster Strikes (Explicit LP Version)
882,TRBDYHX128F14ADE2B.h5,Josh Turner,Softly And Tenderly
883,TRBDYIC128F92F1D17.h5,Slum Village,CB4
884,TRBEACH128EF341C45.h5,Simply Red,So Not Over You (Motivo-Pop Lectro Mix)
885,TRBEATE128E078F0D8.h5,Bon Jovi,Only Lonely
886,TRBECKU128F428B08A.h5,Erick Sermon,I'm Hot
887,TRBECNW128F426BE82.h5,Mariah Carey,Touch My Body
888,TRBEELS128F42B63A8.h5,Arc Angels,Sent By Angels
889,TRBEIAM12903CF4476.h5,Randy Travis,Don't Take Your Love Away From Me (Album Version)
890,TRBEIBI12903CBD2B6.h5,Bryan White,Love Happens Just Like That (LP Version)
891,TRBEIBI12903CC4C7B.h5,The Roches,Losing True (Album Version)
892,TRBEKMX128F92D7B75.h5,Guns N' Roses,Sweet Child O' Mine
893,TRBENDH128F1467D62.h5,Devo,Be Stiff (Live)
894,TRBEOSC128F426AB23.h5,System of a Down,War?
895,TRBEOUP12903CF652E.h5,Joe Bonamassa,So Many Roads
896,TRBEVII12903CA1A06.h5,Blind Willie Johnson,John the Revelator
897,TRBEYDS128F148C563.h5,Erick Sermon,Erick Sermon
898,TRBEYVD12903CE3DE9.h5,Pepper,Point And Shoot (Demo)
899,TRBFAKP128F148B600.h5,Blackfoot,Heart's Grown Cold (LP Version)
900,TRBFBOG128F9356C6E.h5,EPMD,Head Banger
901,TRBFHQG128F93092E5.h5,Donnie McClurkin,Psalm 27
902,TRBFHRA128F424D28A.h5,Bessie Smith,Chicago Bound Blues
903,TRBFHSR128F1472A36.h5,Talking Heads,Papa Legba (2005 Digital Remaster)
904,TRBFIHG128F4289CF9.h5,The Ataris,Make It Last
905,TRBFIUJ12903CFEB7C.h5,Winds Of Plague,Origins And Endings
906,TRBFJGB128F42612B1.h5,Brooke Valentine,American Girl
907,TRBFKMN128F4286D1B.h5,Behemoth,Malice
908,TRBFLER128F148C52B.h5,The Mighty Mighty Bosstones,Pictures To Prove It
909,TRBFMAS128E078F352.h5,The Cardigans,Marvel Hill
910,TRBFMGQ128F931E0A0.h5,Kenny Rogers,Love Is What We Make It
911,TRBFNDW128F9359ECE.h5,Mississippi John Hurt,Coffee Blues
912,TRBFPCL128F1481F2A.h5,Robert Palmer,Man Smart Woman Smarter
913,TRBFPRL128F14569B9.h5,Leona Naess,Paper Thin
914,TRBFSNP128F14572B5.h5,Vixen,One Night Alone
915,TRBFVMO128F14537D3.h5,Gorillaz,All Alone (Live)
916,TRBFVZI128F147FCAF.h5,Phil Collins,Please Come Out Tonight
917,TRBFWSP128F92F29B4.h5,Warrant,Bed Of Roses
918,TRBFWYX128F145F889.h5,Lil Wayne,Fly Talkin'
919,TRBGAWQ128F9305F25.h5,Seventh Day Slumber,Famous One
920,TRBGBGO128F4264203.h5,Firehouse,Talk Of The Town
921,TRBGBUY128F422B413.h5,Casiotone For The Painfully Alone,Attic Room
922,TRBGCAK128F425F3CC.h5,The Prodigy,Firestarter
923,TRBGCLK128F4237A50.h5,Phil Collins,Testify
924,TRBGCUP12903CCFE38.h5,Adam Ant,Mohair Locker Room Pin-Up Boys
925,TRBGDQS128F9341414.h5,Gary Go,Open Arms
926,TRBGDXT128F1487E86.h5,He Is Legend,Stampede
927,TRBGEGB128F9345BD0.h5,Cece Winans,Come On Back Home
928,TRBGGBF128F425E4D1.h5,bel canto,Rumour (Abstract Hip Hop Mix)
929,TRBGGOS128F9307FC5.h5,Remy Shand,The Second One
930,TRBGHRA128F42B90E6.h5,The Cardigans,Explode
931,TRBGJDW128F4292EDB.h5,Alicia Keys,Karma
932,TRBGKZD12903D13D23.h5,Ned Miller,From A Jack To A King
933,TRBGLSW12903CE3D8A.h5,Grandmaster Flash,Underarms
934,TRBGMJF128F425E8EA.h5,30 Seconds To Mars,End Of The Beginning
935,TRBGNNC128F148D427.h5,EPMD,For My People
936,TRBGNUG128F92D43E2.h5,Naughty By Nature,Ring The Alarm
937,TRBGOAU128F4255BDA.h5,Janet Jackson,Again (Instrumental)
938,TRBGODE128E0785BC8.h5,Ben Jelen,Come On (Sessions@AOL Version)
939,TRBGPCC128F428FF02.h5,Suicidal Tendencies,Looking In Your Eyes
940,TRBGPWE128F421CCB4.h5,Roger Creager,All For The Sake Of The Song
941,TRBGRIP128F147FCA6.h5,Phil Collins,Everyday
942,TRBGULP128F422F290.h5,Silverstein,Defend You (Album Version)
943,TRBGWGD128F42418B2.h5,Life In Your Way,When Rules Change
944,TRBGWVI128E0788AE7.h5,22-20s,Hold On
945,TRBGXHJ128F93302C7.h5,FFH,Listen
946,TRBGYDZ12903D075D4.h5,Patty Griffin,All Creatures Of Our God And King
947,TRBGYVK128F426A0D6.h5,Joey Negro,Make A Move On Me
948,TRBGZKO128F92DB016.h5,Bloc Party,Zephyrus
949,TRBHAUR128F147481A.h5,Atreyu,Shameful (LP Version)
950,TRBHBGB128F931E4CF.h5,Hall & Oates,Fall in Philadelphia
951,TRBHCQA128F149F192.h5,Jimmy Wayne,She Runs
952,TRBHEBY128F148CF2B.h5,Sister Hazel,Concede
953,TRBHFTL128F933AF4E.h5,Basement Jaxx,Feelings Gone (feat. Sam Sparro) (Joachim Garraud Remix)
954,TRBHGUK128E078E031.h5,Jesus Jones,Yellow Brown
955,TRBHIRB128F1452ACC.h5,Deftones,No Ordinary Love (Remastered LP Version)
956,TRBHJAY128F14A9061.h5,Foghat,Dead End Street
957,TRBHJLT128F1460832.h5,UFO,Cherry
958,TRBHJPQ128E078ED8F.h5,Queens Of The Stone Age,Everybody's Gonna Be Happy
959,TRBHJUJ128F92EBE24.h5,George Harrison,All Things Must Pass (2009 Digital Remaster)
960,TRBHKCL128F425A036.h5,George Michael,Shoot The Dog
961,TRBHKKK128F427E9FF.h5,3 Doors Down,Better Life
962,TRBHKXX128F4252D02.h5,Radiohead,Everything In Its Right Place
963,TRBHLGE128F42A64E5.h5,Talib Kweli,Everything Man (Album Version)
964,TRBHNUB12903CC2475.h5,Open Hand,Tough Guy
965,TRBHORY128F148D422.h5,EPMD,I'm Mad
966,TRBHOXV128F92FBB72.h5,Eddy Arnold,Molly Darling
967,TRBHQAU128F9316C04.h5,The Game,Scream On Em
968,TRBHQHN128F148A1B3.h5,Dinosaur Jr,Green Mind
969,TRBHSJX128F42BAE98.h5,Jesse Malin,Harmony
970,TRBHUPU128F4230F81.h5,Wednesday 13,Haunt Me (Album Version)
971,TRBHUVB128F148ADB8.h5,Darryl Worley,Where You Think You're Goin'?
972,TRBHVLH128F92F2369.h5,Sandi Thom,When Horsepower Meant What It Said
973,TRBHYAU128F9334703.h5,Chimaira,Army Of Me (Album Version)
974,TRBHZNF128F14989FE.h5,The Ronettes,(The Best Part Of) Breakin' Up
975,TRBHZUN12903CA60F7.h5,Charlotte Gainsbourg,IRM
976,TRBHZYO128E07862BE.h5,DMX,Look Thru My Eyes
977,TRBIAHA128F42A4C9B.h5,Public Image Ltd,This Is Not A Love Song
978,TRBIAVP12903CEDA19.h5,Joe Bonamassa,I Know A Place
979,TRBIAVU128EF3493BA.h5,Asleep At The Wheel,The Letter That Johnny Walker Read
980,TRBIBAQ128F93279F5.h5,Bad Company,Crazy Circles
981,TRBIBGN128F42ADC66.h5,Phantom Planet,The Meantime
982,TRBIBLJ12903CCF436.h5,Madonna,Papa Don't Preach
983,TRBIBTE128E078E882.h5,The Jam,Start!
984,TRBIBVM128F4262E9D.h5,Drop Dead_ Gorgeous,Are You Happy (Album Version)
985,TRBICGT128E0792473.h5,Guns N' Roses,Patience
986,TRBICRP128F42882BB.h5,Dungeon Family,Follow The Light
987,TRBICVB128F9326B65.h5,Strata,Night Falls (The Weight Of It)
988,TRBIDUK128F42806A4.h5,Tampa Red,No Matter How She Done It
989,TRBIEIZ128F148D778.h5,Kanye West,Diamonds From Sierra Leone
990,TRBIFGK128F92F23A2.h5,The Killers,A Dustland Fairytale
991,TRBIFUV12903D07374.h5,Minnie Riperton,Lovin' You
992,TRBIFWB128F1460D8C.h5,Mötley Crüe,Merry-Go-Round
993,TRBIGGV12903CABC77.h5,4Him,Strange Way To Save The World
994,TRBIGRU128F145B139.h5,Alias,Standing In The Darkness
995,TRBIGRY128F42597B3.h5,Sade,All About Our Love
996,TRBIIEU128F9307C88.h5,New Found Glory,Don't Let Her Pull You Down
997,TRBIIJY12903CE4755.h5,Mindy McCready,Ten Thousand Angels
998,TRBIIOT128F423C594.h5,Joy Division,Leaders Of Men
999,TRBIJYB128F14AE326.h5,Seventh Day Slumber,Shattered Life
